<?xml version="1.0" encoding="UTF-8"?>
<project-private xmlns="http://www.netbeans.org/ns/project-private/1">
    <editor-bookmarks xmlns="http://www.netbeans.org/ns/editor-bookmarks/2" lastBookmarkId="0"/>
    <open-files xmlns="http://www.netbeans.org/ns/projectui-open-files/2">
        <group>
            <file>file:/C:/Users/Syed%20Shehroz%20Sohail/Documents/NetBeansProjects/ShehrozsGame/src/bouncingball/BallArena.java</file>
            <file>file:/C:/Users/Syed%20Shehroz%20Sohail/Documents/NetBeansProjects/ShehrozsGame/src/bouncingball/Ball.java</file>
            <file>file:/C:/Users/Syed%20Shehroz%20Sohail/Documents/NetBeansProjects/ShehrozsGame/src/bouncingball/BallView.java</file>
            <file>file:/C:/Users/Syed%20Shehroz%20Sohail/Documents/NetBeansProjects/ShehrozsGame/src/bouncingball/NewBall.java</file>
            <file>file:/C:/Users/Syed%20Shehroz%20Sohail/Documents/NetBeansProjects/ShehrozsGame/src/bouncingball/Driver.java</file>
            <file>file:/C:/Users/Syed%20Shehroz%20Sohail/Documents/NetBeansProjects/ShehrozsGame/src/bouncingball/BallMovementCtrl.java</file>
        </group>
    </open-files>
</project-private>
